35,209,152,35,209,152,35,209,152,35,209,152,35,209,152,35,209,152,35,209,152,35,209,152,35,209,152,35,209,152,35,209,152,35,209,152,35,209,152,35,209,152,35,209,152,35,209,152,35,209,152,35,209,152,35,209,152,35,209,152,35,209,152,35,209,152,35,209,152,35,209,152,35,209,152,35,209,152,35,209,152,35,209,152,35,209,152,35,209,152,35,209,152,35,209,152
35,209,152,35,209,152,35,209,152,35,209,152,35,209,152,35,209,152,35,209,152,35,209,152,35,209,152,35,209,152,35,209,152,35,209,152,35,209,152,35,209,152,35,209,152,35,209,152,35,209,152,35,209,152,35,209,152,35,209,152,35,209,152,35,209,152,35,209,152,35,209,152,35,209,152,35,209,152,35,209,152,35,209,152,35,209,152,35,209,152,35,209,152,35,209,152
35,209,152,35,209,152,35,209,152,35,209,152,35,209,152,35,209,152,35,209,152,35,209,152,35,209,152,35,209,152,35,209,152,35,209,152,35,209,152,35,209,152,35,209,152,35,209,152,35,209,152,35,209,152,35,209,152,35,209,152,35,209,152,35,209,152,35,209,152,35,209,152,35,209,152,35,209,152,35,209,152,35,209,152,35,209,152,35,209,152,35,209,152,35,209,152
35,209,152,35,209,152,35,209,152,35,209,152,35,209,152,35,209,152,35,209,152,35,209,152,35,209,152,35,209,152,35,209,152,35,209,152,35,209,152,35,209,152,35,209,152,35,209,152,35,209,152,35,209,152,35,209,152,35,209,152,35,209,152,35,209,152,35,209,152,35,209,152,35,209,152,35,209,152,35,209,152,35,209,152,35,209,152,35,209,152,35,209,152,35,209,152
35,209,152,35,209,152,35,209,152,35,209,152,35,209,152,35,209,152,35,209,152,35,209,152,35,209,152,35,209,152,35,209,152,35,209,152,35,209,152,35,209,152,35,209,152,35,209,152,35,209,152,35,209,152,35,209,152,35,209,152,35,209,152,35,209,152,35,209,152,35,209,152,35,209,152,35,209,152,35,209,152,35,209,152,35,209,152,35,209,152,35,209,152,35,209,152
35,209,152,35,209,152,35,209,152,35,209,152,35,209,152,35,209,152,35,209,152,35,209,152,35,209,152,35,209,152,35,209,152,35,209,152,35,209,152,35,209,152,35,209,152,35,209,152,35,209,152,35,209,152,35,209,152,35,209,152,35,209,152,35,209,152,35,209,152,35,209,152,35,209,152,35,209,152,35,209,152,35,209,152,35,209,152,35,209,152,35,209,152,35,209,152
35,209,152,35,209,152,35,209,152,35,209,152,35,209,152,35,209,152,35,209,152,35,209,152,35,209,152,35,209,152,35,209,152,35,209,152,35,209,152,35,209,152,35,209,152,35,209,152,35,209,152,35,209,152,35,209,152,35,209,152,35,209,152,35,209,152,35,209,152,35,209,152,35,209,152,35,209,152,35,209,152,35,209,152,35,209,152,35,209,152,35,209,152,35,209,152
35,209,152,35,209,152,35,209,152,35,209,152,35,209,152,35,209,152,35,209,152,35,209,152,35,209,152,35,209,152,35,209,152,35,209,152,35,209,152,35,209,152,35,209,152,35,209,152,35,209,152,35,209,152,35,209,152,35,209,152,35,209,152,35,209,152,35,209,152,35,209,152,35,209,152,35,209,152,35,209,152,35,209,152,35,209,152,35,209,152,35,209,152,35,209,152
35,209,152,35,209,152,35,209,152,35,209,152,35,209,152,35,209,152,35,209,152,35,209,152,35,209,152,35,209,152,35,209,152,35,209,152,35,209,152,35,209,152,35,209,152,35,209,152,35,209,152,35,209,152,35,209,152,35,209,152,35,209,152,35,209,152,35,209,152,35,209,152,35,209,152,35,209,152,35,209,152,35,209,152,35,209,152,35,209,152,35,209,152,35,209,152
35,209,152,35,209,152,35,209,152,35,209,152,35,209,152,35,209,152,35,209,152,35,209,152,35,209,152,35,209,152,35,209,152,35,209,152,35,209,152,35,209,152,35,209,152,35,209,152,35,209,152,35,209,152,35,209,152,35,209,152,35,209,152,35,209,152,35,209,152,35,209,152,35,209,152,35,209,152,35,209,152,35,209,152,35,209,152,35,209,152,35,209,152,35,209,152
35,209,152,35,209,152,35,209,152,35,209,152,35,209,152,35,209,152,35,209,152,35,209,152,35,209,152,35,209,152,35,209,152,35,209,152,35,209,152,35,209,152,35,209,152,35,209,152,35,209,152,35,209,152,35,209,152,35,209,152,35,209,152,35,209,152,35,209,152,35,209,152,35,209,152,35,209,152,35,209,152,35,209,152,35,209,152,35,209,152,35,209,152,35,209,152
35,209,152,35,209,152,35,209,152,35,209,152,35,209,152,35,209,152,35,209,152,35,209,152,35,209,152,35,209,152,35,209,152,35,209,152,35,209,152,35,209,152,35,209,152,35,209,152,35,209,152,35,209,152,35,209,152,35,209,152,35,209,152,35,209,152,35,209,152,35,209,152,35,209,152,35,209,152,35,209,152,35,209,152,35,209,152,35,209,152,35,209,152,35,209,152
35,209,152,35,209,152,35,209,152,35,209,152,35,209,152,35,209,152,35,209,152,35,209,152,35,209,152,35,209,152,35,209,152,35,209,152,35,209,152,35,209,152,35,209,152,35,209,152,35,209,152,35,209,152,35,209,152,35,209,152,35,209,152,35,209,152,35,209,152,35,209,152,35,209,152,35,209,152,35,209,152,35,209,152,35,209,152,35,209,152,35,209,152,35,209,152
35,209,152,35,209,152,35,209,152,35,209,152,35,209,152,35,209,152,35,209,152,35,209,152,35,209,152,35,209,152,35,209,152,35,209,152,35,209,152,35,209,152,35,209,152,35,209,152,35,209,152,35,209,152,35,209,152,35,209,152,35,209,152,35,209,152,35,209,152,35,209,152,35,209,152,35,209,152,35,209,152,35,209,152,35,209,152,35,209,152,35,209,152,35,209,152
35,209,152,35,209,152,35,209,152,35,209,152,35,209,152,35,209,152,35,209,152,35,209,152,35,209,152,35,209,152,35,209,152,35,209,152,35,209,152,35,209,152,35,209,152,35,209,152,35,209,152,35,209,152,35,209,152,35,209,152,35,209,152,35,209,152,35,209,152,35,209,152,35,209,152,35,209,152,35,209,152,35,209,152,35,209,152,35,209,152,35,209,152,35,209,152
35,209,152,35,209,152,35,209,152,35,209,152,35,209,152,35,209,152,35,209,152,35,209,152,35,209,152,35,209,152,35,209,152,35,209,152,35,209,152,35,209,152,35,209,152,35,209,152,35,209,152,35,209,152,35,209,152,35,209,152,35,209,152,35,209,152,35,209,152,35,209,152,35,209,152,35,209,152,35,209,152,35,209,152,35,209,152,35,209,152,35,209,152,35,209,152
35,209,152,35,209,152,35,209,152,35,209,152,35,209,152,35,209,152,35,209,152,35,209,152,35,209,152,35,209,152,35,209,152,35,209,152,35,209,152,35,209,152,35,209,152,35,209,152,35,209,152,35,209,152,35,209,152,35,209,152,35,209,152,35,209,152,35,209,152,35,209,152,35,209,152,35,209,152,35,209,152,35,209,152,35,209,152,35,209,152,35,209,152,35,209,152
35,209,152,35,209,152,35,209,152,35,209,152,35,209,152,35,209,152,35,209,152,35,209,152,35,209,152,35,209,152,35,209,152,35,209,152,35,209,152,35,209,152,35,209,152,35,209,152,35,209,152,35,209,152,35,209,152,35,209,152,35,209,152,35,209,152,35,209,152,35,209,152,35,209,152,35,209,152,35,209,152,35,209,152,35,209,152,35,209,152,35,209,152,35,209,152
35,209,152,35,209,152,35,209,152,35,209,152,35,209,152,35,209,152,35,209,152,35,209,152,35,209,152,35,209,152,35,209,152,35,209,152,35,209,152,35,209,152,35,209,152,35,209,152,35,209,152,35,209,152,35,209,152,35,209,152,35,209,152,35,209,152,35,209,152,35,209,152,35,209,152,35,209,152,35,209,152,35,209,152,35,209,152,35,209,152,35,209,152,35,209,152
35,209,152,35,209,152,35,209,152,35,209,152,35,209,152,35,209,152,35,209,152,35,209,152,35,209,152,35,209,152,35,209,152,35,209,152,35,209,152,35,209,152,35,209,152,35,209,152,35,209,152,35,209,152,35,209,152,35,209,152,35,209,152,35,209,152,35,209,152,35,209,152,35,209,152,35,209,152,35,209,152,35,209,152,35,209,152,35,209,152,35,209,152,35,209,152
35,209,152,35,209,152,35,209,152,35,209,152,35,209,152,35,209,152,35,209,152,35,209,152,35,209,152,35,209,152,35,209,152,35,209,152,35,209,152,35,209,152,35,209,152,35,209,152,35,209,152,35,209,152,35,209,152,35,209,152,35,209,152,35,209,152,35,209,152,35,209,152,35,209,152,35,209,152,35,209,152,35,209,152,35,209,152,35,209,152,35,209,152,35,209,152
35,209,152,35,209,152,35,209,152,35,209,152,35,209,152,35,209,152,35,209,152,35,209,152,35,209,152,35,209,152,35,209,152,35,209,152,35,209,152,35,209,152,35,209,152,35,209,152,35,209,152,35,209,152,35,209,152,35,209,152,35,209,152,35,209,152,35,209,152,35,209,152,35,209,152,35,209,152,35,209,152,35,209,152,35,209,152,35,209,152,35,209,152,35,209,152
35,209,152,35,209,152,35,209,152,35,209,152,35,209,152,35,209,152,35,209,152,35,209,152,35,209,152,35,209,152,35,209,152,35,209,152,35,209,152,35,209,152,35,209,152,35,209,152,35,209,152,35,209,152,35,209,152,35,209,152,35,209,152,35,209,152,35,209,152,35,209,152,35,209,152,35,209,152,35,209,152,35,209,152,35,209,152,35,209,152,35,209,152,35,209,152
35,209,152,35,209,152,35,209,152,35,209,152,35,209,152,35,209,152,35,209,152,35,209,152,35,209,152,35,209,152,35,209,152,35,209,152,35,209,152,35,209,152,35,209,152,35,209,152,35,209,152,35,209,152,35,209,152,35,209,152,35,209,152,35,209,152,35,209,152,35,209,152,35,209,152,35,209,152,35,209,152,35,209,152,35,209,152,35,209,152,35,209,152,35,209,152
35,209,152,35,209,152,35,209,152,35,209,152,35,209,152,35,209,152,35,209,152,35,209,152,35,209,152,35,209,152,35,209,152,35,209,152,35,209,152,35,209,152,35,209,152,35,209,152,35,209,152,35,209,152,35,209,152,35,209,152,35,209,152,35,209,152,35,209,152,35,209,152,35,209,152,35,209,152,35,209,152,35,209,152,35,209,152,35,209,152,35,209,152,35,209,152
35,209,152,35,209,152,35,209,152,35,209,152,35,209,152,35,209,152,35,209,152,35,209,152,35,209,152,35,209,152,35,209,152,35,209,152,35,209,152,35,209,152,35,209,152,35,209,152,35,209,152,35,209,152,35,209,152,35,209,152,35,209,152,35,209,152,35,209,152,35,209,152,35,209,152,35,209,152,35,209,152,35,209,152,35,209,152,35,209,152,35,209,152,35,209,152
35,209,152,35,209,152,35,209,152,35,209,152,35,209,152,35,209,152,35,209,152,35,209,152,35,209,152,35,209,152,35,209,152,35,209,152,35,209,152,35,209,152,35,209,152,35,209,152,35,209,152,35,209,152,35,209,152,35,209,152,35,209,152,35,209,152,35,209,152,35,209,152,35,209,152,35,209,152,35,209,152,35,209,152,35,209,152,35,209,152,35,209,152,35,209,152
35,209,152,35,209,152,35,209,152,35,209,152,35,209,152,35,209,152,35,209,152,35,209,152,35,209,152,35,209,152,35,209,152,35,209,152,35,209,152,35,209,152,35,209,152,35,209,152,35,209,152,35,209,152,35,209,152,35,209,152,35,209,152,35,209,152,35,209,152,35,209,152,35,209,152,35,209,152,35,209,152,35,209,152,35,209,152,35,209,152,35,209,152,35,209,152
35,209,152,35,209,152,35,209,152,35,209,152,35,209,152,35,209,152,35,209,152,35,209,152,35,209,152,35,209,152,35,209,152,35,209,152,35,209,152,35,209,152,35,209,152,35,209,152,35,209,152,35,209,152,35,209,152,35,209,152,35,209,152,35,209,152,35,209,152,35,209,152,35,209,152,35,209,152,35,209,152,35,209,152,35,209,152,35,209,152,35,209,152,35,209,152
35,209,152,35,209,152,35,209,152,35,209,152,35,209,152,35,209,152,35,209,152,35,209,152,35,209,152,35,209,152,35,209,152,35,209,152,35,209,152,35,209,152,35,209,152,35,209,152,35,209,152,35,209,152,35,209,152,35,209,152,35,209,152,35,209,152,35,209,152,35,209,152,35,209,152,35,209,152,35,209,152,35,209,152,35,209,152,35,209,152,35,209,152,35,209,152
35,209,152,35,209,152,35,209,152,35,209,152,35,209,152,35,209,152,35,209,152,35,209,152,35,209,152,35,209,152,35,209,152,35,209,152,35,209,152,35,209,152,35,209,152,35,209,152,35,209,152,35,209,152,35,209,152,35,209,152,35,209,152,35,209,152,35,209,152,35,209,152,35,209,152,35,209,152,35,209,152,35,209,152,35,209,152,35,209,152,35,209,152,35,209,152
35,209,152,35,209,152,35,209,152,35,209,152,35,209,152,35,209,152,35,209,152,35,209,152,35,209,152,35,209,152,35,209,152,35,209,152,35,209,152,35,209,152,35,209,152,35,209,152,35,209,152,35,209,152,35,209,152,35,209,152,35,209,152,35,209,152,35,209,152,35,209,152,35,209,152,35,209,152,35,209,152,35,209,152,35,209,152,35,209,152,35,209,152,35,209,152
